vehicle_id,plate,journey_size,total_distance,total_moving,total_idle,counts,day
175,AAA0002,4,13.193,13297,3008,136,2021-10-11 11:05:55.105787
167,AAA0001,43,179.93099999999998,13651,0,6,2021-10-11 11:05:55.105787
167,AAA0001,3,5.724,7907,0,158,2021-10-11 11:05:55.105787
5603,AAA0003,2,439.376,220382,39411,3617,2021-10-11 11:05:55.105787
5596,AAA0004,11,166.926,22694,833,55,2021-10-11 11:05:55.105787
167,AAA0001,23,742.744,63325,240,49,2021-10-11 11:05:55.105787
175,AAA0002,54,277.757,23270,195,6,2021-10-11 11:05:55.105787
5596,AAA0004,5,33.16,7690,628,68,2021-10-11 11:05:55.105787
175,AAA0002,25,661.862,64798,636,45,2021-10-11 11:05:55.105787
5596,AAA0004,10,127.131,16957,956,47,2021-10-11 11:05:55.105787
175,AAA0002,60,131.402,10083,120,3,2021-10-11 11:05:55.105787
167,AAA0001,24,610.842,52527,1012,40,2021-10-11 11:05:55.105787
175,AAA0002,63,161.797,14914,0,4,2021-10-11 11:05:55.105787
5603,AAA0003,79,351.725,26229,1646,8,2021-10-11 11:05:55.105787
5603,AAA0003,153,124.306,8990,301,2,2021-10-11 11:05:55.105787
167,AAA0001,50,627.7950000000001,50419,360,20,2021-10-11 11:05:55.105787
175,AAA0002,85,45.882,5662,0,1,2021-10-11 11:05:55.105787
167,AAA0001,9,46.394,13720,724,51,2021-10-11 11:05:55.105787
167,AAA0001,7,25.081,8420,547,34,2021-10-11 11:05:55.105787
167,AAA0001,27,743.515,64112,240,38,2021-10-11 11:05:55.105787
5603,AAA0003,6,26.254,22696,16537,88,2021-10-11 11:05:55.105787
5603,AAA0003,52,77.268,5265,374,3,2021-10-11 11:05:55.105787
175,AAA0002,22,491.136,44939,241,37,2021-10-11 11:05:55.105787
5596,AAA0004,13,130.337,16905,665,33,2021-10-11 11:05:55.105787
5596,AAA0004,123,181.791,10907,0,2,2021-10-11 11:05:55.105787
175,AAA0002,3,6.555,7922,0,186,2021-10-11 11:05:55.105787
167,AAA0001,12,96.12,13461,669,27,2021-10-11 11:05:55.105787
5596,AAA0004,105,298.536,19805,3,4,2021-10-11 11:05:55.105787
167,AAA0001,19,290.58,25365,360,23,2021-10-11 11:05:55.105787
5596,AAA0004,20,263.478,22648,424,21,2021-10-11 11:05:55.105787
5596,AAA0004,75,126.321,9327,254,3,2021-10-11 11:05:55.105787
175,AAA0002,13,77.641,12400,547,23,2021-10-11 11:05:55.105787
175,AAA0002,8,26.401,8747,555,38,2021-10-11 11:05:55.105787
5596,AAA0004,58,367.793,28076,1,8,2021-10-11 11:05:55.105787
175,AAA0002,55,159.71699999999998,10948,0,3,2021-10-11 11:05:55.105787
5603,AAA0003,4,29.372,60028,70390,439,2021-10-11 11:05:55.105787
5596,AAA0004,45,470.624,31756,239,13,2021-10-11 11:05:55.105787
5603,AAA0003,96,316.524,24830,1518,8,2021-10-11 11:05:55.105787
5596,AAA0004,29,290.597,27785,256,16,2021-10-11 11:05:55.105787
5596,AAA0004,15,138.347,15297,734,25,2021-10-11 11:05:55.105787
167,AAA0001,14,112.807,15038,240,25,2021-10-11 11:05:55.105787
175,AAA0002,48,546.117,45400,662,14,2021-10-11 11:05:55.105787
5596,AAA0004,9,77.015,10409,312,35,2021-10-11 11:05:55.105787
175,AAA0002,40,431.625,32839,120,13,2021-10-11 11:05:55.105787
5603,AAA0003,10,115.569,19040,7402,46,2021-10-11 11:05:55.105787
175,AAA0002,27,754.045,58791,480,34,2021-10-11 11:05:55.105787
5596,AAA0004,12,179.445,21094,239,45,2021-10-11 11:05:55.105787
5596,AAA0004,72,419.307,26312,122,5,2021-10-11 11:05:55.105787
167,AAA0001,34,499.326,42701,0,20,2021-10-11 11:05:55.105787
167,AAA0001,4,8.419,8049,1985,73,2021-10-11 11:05:55.105787
5596,AAA0004,34,203.561,18738,456,10,2021-10-11 11:05:55.105787
5596,AAA0004,80,120.9,8560,0,2,2021-10-11 11:05:55.105787
5596,AAA0004,37,269.041,24610,120,14,2021-10-11 11:05:55.105787
5603,AAA0003,45,221.046,23288,2116,12,2021-10-11 11:05:55.105787
175,AAA0002,24,472.104,48091,424,36,2021-10-11 11:05:55.105787
5596,AAA0004,4,18.776,8247,1012,91,2021-10-11 11:05:55.105787
167,AAA0001,49,422.006,35890,240,13,2021-10-11 11:05:55.105787
175,AAA0002,21,558.9,48004,718,39,2021-10-11 11:05:55.105787
5603,AAA0003,47,162.214,16413,2009,8,2021-10-11 11:05:55.105787
5596,AAA0004,35,262.755,21478,0,11,2021-10-11 11:05:55.105787
5596,AAA0004,108,364.45799999999997,17937,255,3,2021-10-11 11:05:55.105787
175,AAA0002,5,12.219,9287,1622,69,2021-10-11 11:05:55.105787
175,AAA0002,23,471.835,42328,661,33,2021-10-11 11:05:55.105787
167,AAA0001,8,53.839999999999996,13985,266,54,2021-10-11 11:05:55.105787
175,AAA0002,12,71.58,12686,501,24,2021-10-11 11:05:55.105787
5596,AAA0004,28,404.395,30573,30,20,2021-10-11 11:05:55.105787
175,AAA0002,29,642.948,50910,575,28,2021-10-11 11:05:55.105787
167,AAA0001,32,871.565,71064,836,36,2021-10-11 11:05:55.105787
5603,AAA0003,11,80.084,9280,2282,20,2021-10-11 11:05:55.105787
175,AAA0002,30,502.12899999999996,46305,547,25,2021-10-11 11:05:55.105787
175,AAA0002,6,19.53,10185,1521,48,2021-10-11 11:05:55.105787
5596,AAA0004,88,441.635,23334,0,5,2021-10-11 11:05:55.105787
5603,AAA0003,13,111.267,18490,4958,35,2021-10-11 11:05:55.105787
5596,AAA0004,47,289.394,18544,0,7,2021-10-11 11:05:55.105787
175,AAA0002,19,245.824,26221,463,27,2021-10-11 11:05:55.105787
175,AAA0002,20,419.187,40992,755,37,2021-10-11 11:05:55.105787
167,AAA0001,30,920.162,68878,975,35,2021-10-11 11:05:55.105787
175,AAA0002,71,58.304,7703,240,2,2021-10-11 11:05:55.105787
5596,AAA0004,8,34.945,6578,240,27,2021-10-11 11:05:55.105787
167,AAA0001,26,837.61,72203,629,46,2021-10-11 11:05:55.105787
167,AAA0001,25,812.371,64329,599,41,2021-10-11 11:05:55.105787
5596,AAA0004,23,251.721,22709,611,20,2021-10-11 11:05:55.105787
167,AAA0001,10,35.346000000000004,8931,120,24,2021-10-11 11:05:55.105787
5603,AAA0003,23,118.548,11875,1324,11,2021-10-11 11:05:55.105787
5596,AAA0004,54,582.884,38458,3,12,2021-10-11 11:05:55.105787
167,AAA0001,28,738.13,59020,360,34,2021-10-11 11:05:55.105787
175,AAA0002,9,39.051,11261,775,36,2021-10-11 11:05:55.105787
167,AAA0001,44,352.564,32620,359,14,2021-10-11 11:05:55.105787
175,AAA0002,45,517.385,43221,120,15,2021-10-11 11:05:55.105787
175,AAA0002,26,599.136,52968,663,35,2021-10-11 11:05:55.105787
5603,AAA0003,21,113.084,15682,2759,19,2021-10-11 11:05:55.105787
5603,AAA0003,14,34.016,9941,3122,18,2021-10-11 11:05:55.105787
5596,AAA0004,7,35.244,7424,1152,34,2021-10-11 11:05:55.105787
5603,AAA0003,62,48.565000000000005,7920,707,3,2021-10-11 11:05:55.105787
5596,AAA0004,3,9.427,4358,0,126,2021-10-11 11:05:55.105787
175,AAA0002,49,580.177,52658,839,18,2021-10-11 11:05:55.105787
175,AAA0002,46,265.979,21792,0,7,2021-10-11 11:05:55.105787
5603,AAA0003,3,6.873,2332,359,30,2021-10-11 11:05:55.105787
175,AAA0002,7,20.755,8169,1151,35,2021-10-11 11:05:55.105787
167,AAA0001,41,237.767,23438,1199,10,2021-10-11 11:05:55.105787
5596,AAA0004,27,372.919,27941,496,19,2021-10-11 11:05:55.105787
167,AAA0001,31,696.404,53045,359,28,2021-10-11 11:05:55.105787
5596,AAA0004,14,180.153,21056,817,34,2021-10-11 11:05:55.105787
175,AAA0002,35,657.021,50468,0,21,2021-10-11 11:05:55.105787
175,AAA0002,37,696.307,56291,120,23,2021-10-11 11:05:55.105787
175,AAA0002,10,38.379,11168,2180,34,2021-10-11 11:05:55.105787
5603,AAA0003,59,273.225,18252,1766,7,2021-10-11 11:05:55.105787
175,AAA0002,11,51.849,12951,528,31,2021-10-11 11:05:55.105787
5603,AAA0003,8,33.869,13821,8522,45,2021-10-11 11:05:55.105787
5596,AAA0004,6,26.054000000000002,7526,1092,44,2021-10-11 11:05:55.105787
5596,AAA0004,83,202.886,11711,0,3,2021-10-11 11:05:55.105787
175,AAA0002,31,749.78,61652,1463,31,2021-10-11 11:05:55.105787
5596,AAA0004,17,214.744,23432,120,28,2021-10-11 11:05:55.105787
175,AAA0002,74,55.592,4708,0,1,2021-10-11 11:05:55.105787
5603,AAA0003,43,156.40800000000002,13843,1665,7,2021-10-11 11:05:55.105787
5603,AAA0003,30,45.443,7738,994,5,2021-10-11 11:05:55.105787
5596,AAA0004,25,234.505,24228,568,17,2021-10-11 11:05:55.105787
5603,AAA0003,16,78.76,15796,4008,23,2021-10-11 11:05:55.105787
5603,AAA0003,5,30.159,21211,15112,102,2021-10-11 11:05:55.105787
175,AAA0002,76,48.731,4545,0,1,2021-10-11 11:05:55.105787
5603,AAA0003,100,72.118,5434,1084,2,2021-10-11 11:05:55.105787
175,AAA0002,44,574.679,49954,719,18,2021-10-11 11:05:55.105787
175,AAA0002,43,747.3389999999999,57656,359,18,2021-10-11 11:05:55.105787
167,AAA0001,21,450.244,39116,479,32,2021-10-11 11:05:55.105787
175,AAA0002,14,114.571,15241,562,26,2021-10-11 11:05:55.105787
175,AAA0002,57,410.553,31725,120,9,2021-10-11 11:05:55.105787
5596,AAA0004,24,210.227,18568,325,15,2021-10-11 11:05:55.105787
175,AAA0002,15,219.219,26501,876,35,2021-10-11 11:05:55.105787
167,AAA0001,48,482.204,38030,246,15,2021-10-11 11:05:55.105787
5596,AAA0004,36,297.808,23594,239,11,2021-10-11 11:05:55.105787
5596,AAA0004,16,174.678,16508,121,22,2021-10-11 11:05:55.105787
175,AAA0002,78,154.316,15191,240,3,2021-10-11 11:05:55.105787
5596,AAA0004,101,169.15,10947,0,2,2021-10-11 11:05:55.105787
5603,AAA0003,44,156.941,16653,2100,8,2021-10-11 11:05:55.105787
175,AAA0002,33,438.182,37833,412,18,2021-10-11 11:05:55.105787
5603,AAA0003,22,109.267,13794,2358,15,2021-10-11 11:05:55.105787
167,AAA0001,35,751.934,58584,598,26,2021-10-11 11:05:55.105787
5596,AAA0004,18,175.814,16679,210,18,2021-10-11 11:05:55.105787
5603,AAA0003,9,78.874,20140,6897,52,2021-10-11 11:05:55.105787
175,AAA0002,17,154.572,15920,120,18,2021-10-11 11:05:55.105787
167,AAA0001,5,12.433,9251,1427,62,2021-10-11 11:05:55.105787
167,AAA0001,47,218.62400000000002,19662,120,7,2021-10-11 11:05:55.105787
5603,AAA0003,20,41.943,6072,1287,8,2021-10-11 11:05:55.105787
5596,AAA0004,51,401.105,24748,189,7,2021-10-11 11:05:55.105787
175,AAA0002,36,769.713,64760,836,28,2021-10-11 11:05:55.105787
5596,AAA0004,2,11.977,888,0,13,2021-10-11 11:05:55.105787
167,AAA0001,13,108.503,13418,0,24,2021-10-11 11:05:55.105787
5603,AAA0003,27,84.378,11516,2252,12,2021-10-11 11:05:55.105787
167,AAA0001,11,60.291,9985,220,22,2021-10-11 11:05:55.105787
5596,AAA0004,71,143.437,12182,0,3,2021-10-11 11:05:55.105787
167,AAA0001,17,139.18,17245,120,20,2021-10-11 11:05:55.105787
167,AAA0001,18,214.091,19134,120,22,2021-10-11 11:05:55.105787
175,AAA0002,53,222.789,17316,452,5,2021-10-11 11:05:55.105787
5596,AAA0004,59,303.009,21570,654,6,2021-10-11 11:05:55.105787
5603,AAA0003,35,229.665,22574,2787,17,2021-10-11 11:05:55.105787
167,AAA0001,53,474.49,33989,239,11,2021-10-11 11:05:55.105787
167,AAA0001,40,346.608,31847,542,15,2021-10-11 11:05:55.105787
5596,AAA0004,49,220.659,16797,1,6,2021-10-11 11:05:55.105787
175,AAA0002,18,131.862,12893,428,13,2021-10-11 11:05:55.105787
167,AAA0001,51,280.449,21583,0,9,2021-10-11 11:05:55.105787
167,AAA0001,15,145.149,20043,119,30,2021-10-11 11:05:55.105787
5603,AAA0003,7,28.63,16701,7275,48,2021-10-11 11:05:55.105787
5596,AAA0004,30,206.612,20371,121,12,2021-10-11 11:05:55.105787
167,AAA0001,29,820.838,68617,708,38,2021-10-11 11:05:55.105787
5603,AAA0003,18,102.854,12915,2784,16,2021-10-11 11:05:55.105787
167,AAA0001,52,210.518,16595,0,7,2021-10-11 11:05:55.105787
5603,AAA0003,39,138.34199999999998,15742,1614,9,2021-10-11 11:05:55.105787
175,AAA0002,38,1017.452,79994,360,32,2021-10-11 11:05:55.105787
175,AAA0002,32,576.008,49581,120,24,2021-10-11 11:05:55.105787
5603,AAA0003,208,77.696,5137,190,1,2021-10-11 11:05:55.105787
5603,AAA0003,114,112.91399999999999,7812,604,2,2021-10-11 11:05:55.105787
175,AAA0002,58,230.57299999999998,18519,438,5,2021-10-11 11:05:55.105787
5603,AAA0003,37,105.119,12023,878,8,2021-10-11 11:05:55.105787
5603,AAA0003,25,39.189,7033,1149,7,2021-10-11 11:05:55.105787
5596,AAA0004,73,343.919,22245,119,5,2021-10-11 11:05:55.105787
5596,AAA0004,151,161.492,9110,0,1,2021-10-11 11:05:55.105787
175,AAA0002,34,695.574,60197,670,27,2021-10-11 11:05:55.105787
175,AAA0002,51,346.226,28493,240,8,2021-10-11 11:05:55.105787
5596,AAA0004,112,52.937,4470,0,1,2021-10-11 11:05:55.105787
175,AAA0002,16,148.451,18208,884,24,2021-10-11 11:05:55.105787
5596,AAA0004,55,410.194,28111,0,8,2021-10-11 11:05:55.105787
167,AAA0001,37,491.222,39904,1,17,2021-10-11 11:05:55.105787
167,AAA0001,16,152.464,19474,361,24,2021-10-11 11:05:55.105787
5596,AAA0004,38,175.767,12443,0,6,2021-10-11 11:05:55.105787
5596,AAA0004,21,195.571,21904,1060,21,2021-10-11 11:05:55.105787
167,AAA0001,20,394.957,35199,1021,30,2021-10-11 11:05:55.105787
167,AAA0001,22,532.062,45364,959,39,2021-10-11 11:05:55.105787
5596,AAA0004,143,370.818,19558,119,2,2021-10-11 11:05:55.105787
167,AAA0001,6,7.531000000000001,5254,1163,27,2021-10-11 11:05:55.105787
5603,AAA0003,50,240.59699999999998,21311,1794,8,2021-10-11 11:05:55.105787
5603,AAA0003,19,71.466,13797,3580,19,2021-10-11 11:05:55.105787
167,AAA0001,33,612.073,50653,120,25,2021-10-11 11:05:55.105787
175,AAA0002,66,213.67600000000002,19279,120,5,2021-10-11 11:05:55.105787
167,AAA0001,38,263.767,20753,194,8,2021-10-11 11:05:55.105787
5596,AAA0004,50,335.811,21308,198,8,2021-10-11 11:05:55.105787
5596,AAA0004,91,320.527,17856,0,4,2021-10-11 11:05:55.105787
5596,AAA0004,22,221.413,21839,616,20,2021-10-11 11:05:55.105787
5596,AAA0004,62,236.595,16695,120,5,2021-10-11 11:05:55.105787
175,AAA0002,39,405.982,35642,0,14,2021-10-11 11:05:55.105787
5603,AAA0003,15,56.272000000000006,7628,1607,13,2021-10-11 11:05:55.105787
5603,AAA0003,75,31.031,1563,0,1,2021-10-11 11:05:55.105787
175,AAA0002,28,885.507,72362,988,42,2021-10-11 11:05:55.105787
5603,AAA0003,137,48.214,3317,303,1,2021-10-11 11:05:55.105787
167,AAA0001,46,275.198,25776,0,12,2021-10-11 11:05:55.105787
5596,AAA0004,172,281.063,13298,0,1,2021-10-11 11:05:55.105787
175,AAA0002,83,103.44200000000001,9738,0,2,2021-10-11 11:05:55.105787
175,AAA0002,42,459.62399999999997,36477,240,13,2021-10-11 11:05:55.105787
5596,AAA0004,86,282.08,16260,0,3,2021-10-11 11:05:55.105787
167,AAA0001,54,101.526,8353,0,3,2021-10-11 11:05:55.105787
5596,AAA0004,81,303.493,18360,208,4,2021-10-11 11:05:55.105787
5596,AAA0004,184,281.951,14305,0,1,2021-10-11 11:05:55.105787
5596,AAA0004,115,329.975,21232,240,3,2021-10-11 11:05:55.105787
5603,AAA0003,36,129.166,10102,933,6,2021-10-11 11:05:55.105787
5603,AAA0003,28,98.25,13346,2350,12,2021-10-11 11:05:55.105787
5603,AAA0003,40,85.408,5835,302,3,2021-10-11 11:05:55.105787
5603,AAA0003,58,144.94,10773,896,5,2021-10-11 11:05:55.105787
5603,AAA0003,32,178.607,23019,2896,16,2021-10-11 11:05:55.105787
5603,AAA0003,299,83.536,7359,360,1,2021-10-11 11:05:55.105787
5596,AAA0004,48,299.983,19198,119,6,2021-10-11 11:05:55.105787
5596,AAA0004,42,309.32,22203,618,10,2021-10-11 11:05:55.105787
5603,AAA0003,225,80.7,5502,187,1,2021-10-11 11:05:55.105787
5603,AAA0003,48,240.163,16578,604,6,2021-10-11 11:05:55.105787
167,AAA0001,42,364.033,33587,241,15,2021-10-11 11:05:55.105787
5596,AAA0004,79,346.082,21714,0,5,2021-10-11 11:05:55.105787
175,AAA0002,79,64.897,4782,0,1,2021-10-11 11:05:55.105787
5596,AAA0004,63,274.473,15652,0,4,2021-10-11 11:05:55.105787
5596,AAA0004,140,206.457,10185,0,1,2021-10-11 11:05:55.105787
5603,AAA0003,29,83.513,12315,1039,9,2021-10-11 11:05:55.105787
5596,AAA0004,78,103.061,7458,0,2,2021-10-11 11:05:55.105787
167,AAA0001,59,42.72,3088,0,1,2021-10-11 11:05:55.105787
5603,AAA0003,54,119.81899999999999,14911,1141,7,2021-10-11 11:05:55.105787
167,AAA0001,71,17.167,3072,0,1,2021-10-11 11:05:55.105787
175,AAA0002,50,428.059,33055,240,10,2021-10-11 11:05:55.105787
5603,AAA0003,31,210.26500000000001,22883,2355,16,2021-10-11 11:05:55.105787
5596,AAA0004,44,289.471,21150,0,7,2021-10-11 11:05:55.105787
167,AAA0001,36,338.254,24630,120,11,2021-10-11 11:05:55.105787
167,AAA0001,63,29.874,2962,120,1,2021-10-11 11:05:55.105787
5596,AAA0004,202,287.558,14139,0,1,2021-10-11 11:05:55.105787
5596,AAA0004,69,84.618,7079,345,2,2021-10-11 11:05:55.105787
5596,AAA0004,106,294.212,16970,120,3,2021-10-11 11:05:55.105787
5596,AAA0004,103,252.429,15781,0,2,2021-10-11 11:05:55.105787
5596,AAA0004,74,140.948,9818,0,3,2021-10-11 11:05:55.105787
5596,AAA0004,32,199.84199999999998,13099,0,8,2021-10-11 11:05:55.105787
5596,AAA0004,68,112.458,7738,0,2,2021-10-11 11:05:55.105787
5596,AAA0004,104,203.588,9072,0,1,2021-10-11 11:05:55.105787
5596,AAA0004,89,55.627,4549,0,1,2021-10-11 11:05:55.105787
5596,AAA0004,110,84.866,4815,0,1,2021-10-11 11:05:55.105787
5596,AAA0004,40,214.533,12910,119,5,2021-10-11 11:05:55.105787
5596,AAA0004,141,206.263,10585,0,1,2021-10-11 11:05:55.105787
5596,AAA0004,87,254.029,14693,0,3,2021-10-11 11:05:55.105787
5596,AAA0004,125,188.757,9686,0,1,2021-10-11 11:05:55.105787
5596,AAA0004,56,364.914,21796,1,6,2021-10-11 11:05:55.105787
5596,AAA0004,41,215.388,16609,217,7,2021-10-11 11:05:55.105787
5603,AAA0003,41,113.929,11188,959,8,2021-10-11 11:05:55.105787
5596,AAA0004,19,94.239,11579,120,13,2021-10-11 11:05:55.105787
5603,AAA0003,60,236.35899999999998,19562,1044,7,2021-10-11 11:05:55.105787
5596,AAA0004,76,235.738,14581,0,3,2021-10-11 11:05:55.105787
5596,AAA0004,155,159.41,8350,0,1,2021-10-11 11:05:55.105787
5603,AAA0003,145,56.662,4040,195,1,2021-10-11 11:05:55.105787
5603,AAA0003,57,116.095,8811,438,3,2021-10-11 11:05:55.105787
167,AAA0001,45,218.347,17684,0,8,2021-10-11 11:05:55.105787
175,AAA0002,69,128.636,9177,240,2,2021-10-11 11:05:55.105787
5603,AAA0003,55,108.00299999999999,9252,390,4,2021-10-11 11:05:55.105787
167,AAA0001,39,285.125,22059,355,9,2021-10-11 11:05:55.105787
5596,AAA0004,136,161.735,9374,0,1,2021-10-11 11:05:55.105787
5596,AAA0004,43,181.351,15230,302,6,2021-10-11 11:05:55.105787
5596,AAA0004,66,471.017,30001,0,7,2021-10-11 11:05:55.105787
5596,AAA0004,133,196.689,10232,12,1,2021-10-11 11:05:55.105787
167,AAA0001,55,198.549,14219,119,5,2021-10-11 11:05:55.105787
5596,AAA0004,132,123.223,8490,0,1,2021-10-11 11:05:55.105787
5603,AAA0003,165,29.927,3634,291,1,2021-10-11 11:05:55.105787
5603,AAA0003,66,26.731,1869,185,1,2021-10-11 11:05:55.105787
5603,AAA0003,17,63.992,12432,3321,17,2021-10-11 11:05:55.105787
5603,AAA0003,56,259.381,16142,1385,6,2021-10-11 11:05:55.105787
5603,AAA0003,102,74.458,4033,0,1,2021-10-11 11:05:55.105787
5596,AAA0004,113,307.92,17762,307,3,2021-10-11 11:05:55.105787
5596,AAA0004,181,845.254,40424,0,3,2021-10-11 11:05:55.105787
5603,AAA0003,26,113.451,13916,769,14,2021-10-11 11:05:55.105787
5603,AAA0003,73,76.934,5704,302,2,2021-10-11 11:05:55.105787
5596,AAA0004,146,184.904,9703,0,1,2021-10-11 11:05:55.105787
175,AAA0002,59,297.961,22467,0,5,2021-10-11 11:05:55.105787
5603,AAA0003,65,115.019,8494,768,4,2021-10-11 11:05:55.105787
5603,AAA0003,97,39.144,3180,0,1,2021-10-11 11:05:55.105787
5596,AAA0004,31,305.451,23523,224,15,2021-10-11 11:05:55.105787
5603,AAA0003,218,84.75,4959,119,1,2021-10-11 11:05:55.105787
175,AAA0002,91,93.294,10184,0,2,2021-10-11 11:05:55.105787
5596,AAA0004,65,45.299,2919,0,1,2021-10-11 11:05:55.105787
5603,AAA0003,118,129.954,9447,120,2,2021-10-11 11:05:55.105787
5596,AAA0004,64,350.01,20457,0,5,2021-10-11 11:05:55.105787
5603,AAA0003,42,158.296,17025,1492,11,2021-10-11 11:05:55.105787
5596,AAA0004,157,218.249,11801,0,1,2021-10-11 11:05:55.105787
175,AAA0002,41,383.359,30759,209,10,2021-10-11 11:05:55.105787
5596,AAA0004,67,388.22299999999996,22875,335,5,2021-10-11 11:05:55.105787
5596,AAA0004,61,104.518,9516,240,3,2021-10-11 11:05:55.105787
5603,AAA0003,88,143.882,10286,420,2,2021-10-11 11:05:55.105787
5603,AAA0003,34,31.075,5395,875,3,2021-10-11 11:05:55.105787
5603,AAA0003,101,118.617,8652,120,2,2021-10-11 11:05:55.105787
5603,AAA0003,117,141.67700000000002,10190,606,3,2021-10-11 11:05:55.105787
5596,AAA0004,107,239.10500000000002,16006,120,3,2021-10-11 11:05:55.105787
5603,AAA0003,51,197.64100000000002,17225,1148,9,2021-10-11 11:05:55.105787
5603,AAA0003,86,46.716,3186,0,1,2021-10-11 11:05:55.105787
5603,AAA0003,64,76.322,5889,342,2,2021-10-11 11:05:55.105787
175,AAA0002,52,118.245,8692,314,2,2021-10-11 11:05:55.105787
5596,AAA0004,26,185.62,16686,546,13,2021-10-11 11:05:55.105787
5596,AAA0004,92,516.417,28383,120,5,2021-10-11 11:05:55.105787
5603,AAA0003,175,138.416,8216,199,1,2021-10-11 11:05:55.105787
5603,AAA0003,12,48.903999999999996,11703,3126,24,2021-10-11 11:05:55.105787
5596,AAA0004,53,301.48699999999997,18306,0,5,2021-10-11 11:05:55.105787
5603,AAA0003,46,155.773,11197,698,5,2021-10-11 11:05:55.105787
5596,AAA0004,131,202.622,11979,0,1,2021-10-11 11:05:55.105787
5596,AAA0004,39,203.764,16367,347,8,2021-10-11 11:05:55.105787
5603,AAA0003,176,80.175,6022,202,1,2021-10-11 11:05:55.105787
5603,AAA0003,122,101.35,7700,489,2,2021-10-11 11:05:55.105787
175,AAA0002,64,122.02099999999999,8282,120,2,2021-10-11 11:05:55.105787
175,AAA0002,62,43.333,3733,0,1,2021-10-11 11:05:55.105787
175,AAA0002,56,334.548,27908,120,7,2021-10-11 11:05:55.105787
5603,AAA0003,140,83.922,6671,239,2,2021-10-11 11:05:55.105787
5603,AAA0003,186,180.018,15278,502,3,2021-10-11 11:05:55.105787
5596,AAA0004,94,208.27100000000002,14292,0,3,2021-10-11 11:05:55.105787
5603,AAA0003,227,82.583,6183,184,1,2021-10-11 11:05:55.105787
5596,AAA0004,77,496.47,32039,0,6,2021-10-11 11:05:55.105787
167,AAA0001,61,45.279,4316,120,1,2021-10-11 11:05:55.105787
5603,AAA0003,77,23.803,2134,240,1,2021-10-11 11:05:55.105787
5603,AAA0003,106,146.52100000000002,9022,0,2,2021-10-11 11:05:55.105787
5596,AAA0004,150,113.272,7398,0,1,2021-10-11 11:05:55.105787
5603,AAA0003,72,76.298,6368,0,2,2021-10-11 11:05:55.105787
5603,AAA0003,130,42.621,3586,360,1,2021-10-11 11:05:55.105787
5603,AAA0003,61,97.12299999999999,6656,389,2,2021-10-11 11:05:55.105787
5603,AAA0003,84,33.713,2269,0,1,2021-10-11 11:05:55.105787
167,AAA0001,68,45.992,3707,0,1,2021-10-11 11:05:55.105787
5603,AAA0003,198,71.917,6373,0,1,2021-10-11 11:05:55.105787
5596,AAA0004,102,466.515,26395,2,4,2021-10-11 11:05:55.105787
5603,AAA0003,67,226.522,21889,1710,7,2021-10-11 11:05:55.105787
167,AAA0001,98,44.25,5672,120,1,2021-10-11 11:05:55.105787
175,AAA0002,61,138.587,11032,0,3,2021-10-11 11:05:55.105787
175,AAA0002,75,59.434,4906,0,1,2021-10-11 11:05:55.105787
175,AAA0002,47,207.441,17581,119,6,2021-10-11 11:05:55.105787
5596,AAA0004,57,306.47700000000003,19012,4,6,2021-10-11 11:05:55.105787
5596,AAA0004,116,303.32800000000003,17677,0,3,2021-10-11 11:05:55.105787
5603,AAA0003,24,52.59,7500,1478,8,2021-10-11 11:05:55.105787
5596,AAA0004,93,370.174,20572,193,3,2021-10-11 11:05:55.105787
175,AAA0002,73,59.008,4278,0,1,2021-10-11 11:05:55.105787
5596,AAA0004,33,84.223,8685,3,6,2021-10-11 11:05:55.105787
5596,AAA0004,180,281.195,13683,0,1,2021-10-11 11:05:55.105787
167,AAA0001,67,65.176,6279,0,2,2021-10-11 11:05:55.105787
5603,AAA0003,85,37.754,3339,127,1,2021-10-11 11:05:55.105787
5596,AAA0004,90,234.89999999999998,14545,239,3,2021-10-11 11:05:55.105787
5603,AAA0003,76,32.578,2297,0,1,2021-10-11 11:05:55.105787
5603,AAA0003,63,269.943,20267,1051,6,2021-10-11 11:05:55.105787
5603,AAA0003,69,232.474,18831,1169,5,2021-10-11 11:05:55.105787
5596,AAA0004,175,238.737,13553,0,1,2021-10-11 11:05:55.105787
5596,AAA0004,100,281.995,16627,0,3,2021-10-11 11:05:55.105787
5603,AAA0003,110,138.958,10274,120,2,2021-10-11 11:05:55.105787
5603,AAA0003,123,43.839,3138,0,1,2021-10-11 11:05:55.105787
5603,AAA0003,168,38.656,3000,0,1,2021-10-11 11:05:55.105787
5603,AAA0003,33,130.79,15988,1693,11,2021-10-11 11:05:55.105787
5603,AAA0003,91,34.909,2741,0,1,2021-10-11 11:05:55.105787
5596,AAA0004,120,216.728,12950,193,2,2021-10-11 11:05:55.105787
5603,AAA0003,109,179.389,11156,120,3,2021-10-11 11:05:55.105787
5603,AAA0003,38,19.683999999999997,3125,359,2,2021-10-11 11:05:55.105787
5603,AAA0003,49,56.865,3960,491,2,2021-10-11 11:05:55.105787
167,AAA0001,139,72.527,7174,0,1,2021-10-11 11:05:55.105787
5603,AAA0003,234,125.078,10636,0,2,2021-10-11 11:05:55.105787
167,AAA0001,62,32.745,2878,0,1,2021-10-11 11:05:55.105787
5596,AAA0004,177,245.275,14146,120,1,2021-10-11 11:05:55.105787
175,AAA0002,95,44.776,4823,0,1,2021-10-11 11:05:55.105787
5603,AAA0003,94,45.037,3731,119,1,2021-10-11 11:05:55.105787
5603,AAA0003,183,77.721,6984,120,1,2021-10-11 11:05:55.105787
150653,AAA0007,6,165.236,40888,27,295,2021-10-11 11:05:55.105787
155905,AAA0009,19,199.478,56184,13408,105,2021-10-11 11:05:55.105787
155905,AAA0009,30,154.811,43095,7286,49,2021-10-11 11:05:55.105787
150653,AAA0007,10,308.07,74699,874,290,2021-10-11 11:05:55.105787
155905,AAA0009,34,137.885,35953,4248,38,2021-10-11 11:05:55.105787
207756,AAA0010,14,190.342,37839,62713,160,2021-10-11 11:05:55.105787
207756,AAA0010,99,8286.968,420749,0,89,2021-10-11 11:05:55.105787
207756,AAA0010,27,1114.382,154278,29872,181,2021-10-11 11:05:55.105787
207756,AAA0010,11,76.004,22979,33741,138,2021-10-11 11:05:55.105787
164573,AAA0008,36,231.93,37356,723,29,2021-10-11 11:05:55.105787
164573,AAA0008,12,358.216,69795,2301,198,2021-10-11 11:05:55.105787
207756,AAA0010,5,12.911,20101,37065,178,2021-10-11 11:05:55.105787
207756,AAA0010,22,595.235,73103,31123,127,2021-10-11 11:05:55.105787
207756,AAA0010,108,8195.3,369822,18854,90,2021-10-11 11:05:55.105787
150653,AAA0007,14,328.961,64456,1000,177,2021-10-11 11:05:55.105787
150653,AAA0007,13,305.364,68782,1112,201,2021-10-11 11:05:55.105787
150653,AAA0007,46,856.626,49055,364,17,2021-10-11 11:05:55.105787
155905,AAA0009,14,273.031,76023,20280,203,2021-10-11 11:05:55.105787
155905,AAA0009,27,178.486,46078,8622,57,2021-10-11 11:05:55.105787
207756,AAA0010,16,323.583,48760,29247,125,2021-10-11 11:05:55.105787
207756,AAA0010,19,251.79999999999998,51447,27666,144,2021-10-11 11:05:55.105787
207756,AAA0010,88,6440.954,306565,6780,68,2021-10-11 11:05:55.105787
150653,AAA0007,61,556.471,26815,120,9,2021-10-11 11:05:55.105787
155905,AAA0009,37,158.115,49091,8141,44,2021-10-11 11:05:55.105787
207756,AAA0010,84,7594.54,351018,22192,91,2021-10-11 11:05:55.105787
207756,AAA0010,54,121.2,24825,4850,25,2021-10-11 11:05:55.105787
207756,AAA0010,96,3718.767,201123,0,39,2021-10-11 11:05:55.105787
207756,AAA0010,13,199.898,30717,36657,133,2021-10-11 11:05:55.105787
207756,AAA0010,98,3248.563,153994,11618,37,2021-10-11 11:05:55.105787
72880,AAA0006,2,665.448,200952,13614,7458,2021-10-11 11:05:55.105787
150653,AAA0007,7,242.766,64214,240,394,2021-10-11 11:05:55.105787
207756,AAA0010,12,101.479,36971,45709,148,2021-10-11 11:05:55.105787
207756,AAA0010,20,542.7479999999999,91124,38921,182,2021-10-11 11:05:55.105787
207756,AAA0010,28,336.648,64363,22462,96,2021-10-11 11:05:55.105787
150653,AAA0007,3,43.635,16026,0,330,2021-10-11 11:05:55.105787
155905,AAA0009,31,164.614,51016,7606,57,2021-10-11 11:05:55.105787
207756,AAA0010,65,1511.433,72522,5265,27,2021-10-11 11:05:55.105787
207756,AAA0010,15,370.444,49262,37932,130,2021-10-11 11:05:55.105787
150653,AAA0007,9,307.025,72088,1027,326,2021-10-11 11:05:55.105787
150653,AAA0007,4,57.028999999999996,19273,716,231,2021-10-11 11:05:55.105787
150653,AAA0007,16,358.829,60165,1166,130,2021-10-11 11:05:55.105787
207756,AAA0010,30,348.277,41903,17810,59,2021-10-11 11:05:55.105787
150653,AAA0007,28,158.663,18412,1,22,2021-10-11 11:05:55.105787
155905,AAA0009,8,147.368,47418,17241,265,2021-10-11 11:05:55.105787
207756,AAA0010,21,771.0790000000001,120390,54169,209,2021-10-11 11:05:55.105787
150653,AAA0007,5,147.35,42832,599,434,2021-10-11 11:05:55.105787
207756,AAA0010,25,441.64099999999996,48870,24639,73,2021-10-11 11:05:55.105787
150653,AAA0007,57,976.259,54201,119,18,2021-10-11 11:05:55.105787
155905,AAA0009,28,163.834,43297,6677,53,2021-10-11 11:05:55.105787
155905,AAA0009,10,220.686,66085,17952,249,2021-10-11 11:05:55.105787
207756,AAA0010,57,1164.166,160543,45359,98,2021-10-11 11:05:55.105787
150653,AAA0007,26,299.005,33211,911,38,2021-10-11 11:05:55.105787
155905,AAA0009,29,165.393,43808,6570,53,2021-10-11 11:05:55.105787
207756,AAA0010,24,463.78000000000003,59112,25764,101,2021-10-11 11:05:55.105787
207756,AAA0010,89,4274.221,229930,0,49,2021-10-11 11:05:55.105787
207756,AAA0010,123,4297.412,190188,5452,45,2021-10-11 11:05:55.105787
155905,AAA0009,23,169.362,45980,9512,69,2021-10-11 11:05:55.105787
150653,AAA0007,12,405.612,79007,784,246,2021-10-11 11:05:55.105787
155905,AAA0009,4,19.435,13747,8665,197,2021-10-11 11:05:55.105787
155905,AAA0009,6,86.247,34129,18500,256,2021-10-11 11:05:55.105787
155905,AAA0009,11,246.112,68508,17613,239,2021-10-11 11:05:55.105787
150653,AAA0007,21,213.312,38427,120,64,2021-10-11 11:05:55.105787
155905,AAA0009,20,227.41,67156,15578,123,2021-10-11 11:05:55.105787
155905,AAA0009,42,100.119,31328,5613,24,2021-10-11 11:05:55.105787
155905,AAA0009,13,297.264,77518,18755,236,2021-10-11 11:05:55.105787
155905,AAA0009,7,119.29899999999999,41666,20209,272,2021-10-11 11:05:55.105787
150653,AAA0007,19,215.551,37457,488,69,2021-10-11 11:05:55.105787
155905,AAA0009,12,268.484,74668,21156,243,2021-10-11 11:05:55.105787
155905,AAA0009,68,23.762,10093,1463,4,2021-10-11 11:05:55.105787
155905,AAA0009,32,137.103,43895,8514,47,2021-10-11 11:05:55.105787
150653,AAA0007,25,238.35000000000002,30992,240,37,2021-10-11 11:05:55.105787
155905,AAA0009,41,100.08,26961,4815,22,2021-10-11 11:05:55.105787
164573,AAA0008,44,263.969,39711,504,23,2021-10-11 11:05:55.105787
150653,AAA0007,43,832.345,43135,508,16,2021-10-11 11:05:55.105787
155905,AAA0009,17,235.132,64109,14904,132,2021-10-11 11:05:55.105787
164573,AAA0008,8,198.928,46098,3363,242,2021-10-11 11:05:55.105787
155905,AAA0009,3,8.614,4819,0,129,2021-10-11 11:05:55.105787
155905,AAA0009,5,46.241,22347,25530,243,2021-10-11 11:05:55.105787
155905,AAA0009,9,209.253,58881,21276,279,2021-10-11 11:05:55.105787
150653,AAA0007,11,339.661,80561,80,296,2021-10-11 11:05:55.105787
150653,AAA0007,41,757.065,41748,2,16,2021-10-11 11:05:55.105787
164573,AAA0008,15,388.558,73800,1218,153,2021-10-11 11:05:55.105787
164573,AAA0008,27,415.068,69019,1371,67,2021-10-11 11:05:55.105787
207756,AAA0010,37,2816.8559999999998,159068,22416,99,2021-10-11 11:05:55.105787
207756,AAA0010,119,2517.65,134550,0,25,2021-10-11 11:05:55.105787
207756,AAA0010,41,238.442,39648,9699,45,2021-10-11 11:05:55.105787
207756,AAA0010,17,291.153,46145,20897,91,2021-10-11 11:05:55.105787
207756,AAA0010,79,1124.34,52200,0,12,2021-10-11 11:05:55.105787
207756,AAA0010,42,103.73599999999999,19016,1520,16,2021-10-11 11:05:55.105787
207756,AAA0010,67,474.086,39733,2105,16,2021-10-11 11:05:55.105787
164573,AAA0008,38,388.125,63204,1265,39,2021-10-11 11:05:55.105787
164573,AAA0008,4,31.125,12020,793,150,2021-10-11 11:05:55.105787
207756,AAA0010,59,1550.9769999999999,142826,15725,73,2021-10-11 11:05:55.105787
207756,AAA0010,29,656.448,90948,15834,78,2021-10-11 11:05:55.105787
207756,AAA0010,26,754.914,96601,41808,146,2021-10-11 11:05:55.105787
207756,AAA0010,78,5027.272,286304,21552,76,2021-10-11 11:05:55.105787
207756,AAA0010,55,1518.141,107854,1484,40,2021-10-11 11:05:55.105787
207756,AAA0010,101,2802.216,159585,4905,42,2021-10-11 11:05:55.105787
207756,AAA0010,33,295.195,50891,4746,50,2021-10-11 11:05:55.105787
207756,AAA0010,111,2555.392,127932,8820,28,2021-10-11 11:05:55.105787
207756,AAA0010,50,387.75600000000003,24348,2232,12,2021-10-11 11:05:55.105787
207756,AAA0010,117,876.4110000000001,44208,1080,9,2021-10-11 11:05:55.105787
207756,AAA0010,7,800.504,12330,9233,51,2021-10-11 11:05:55.105787
164573,AAA0008,5,71.057,22093,2480,248,2021-10-11 11:05:55.105787
207756,AAA0010,103,3891.695,195367,1456,41,2021-10-11 11:05:55.105787
207756,AAA0010,45,694.44,53878,3880,30,2021-10-11 11:05:55.105787
164573,AAA0008,19,432.128,77471,2785,113,2021-10-11 11:05:55.105787
207756,AAA0010,18,149.3,27502,21148,91,2021-10-11 11:05:55.105787
207756,AAA0010,83,1196.625,56055,4500,15,2021-10-11 11:05:55.105787
207756,AAA0010,100,1135.6200000000001,55500,2736,12,2021-10-11 11:05:55.105787
207756,AAA0010,77,3326.7129999999997,180826,14133,47,2021-10-11 11:05:55.105787
207756,AAA0010,10,31.068,7398,7727,35,2021-10-11 11:05:55.105787
207756,AAA0010,8,8.721,2783,16889,60,2021-10-11 11:05:55.105787
207756,AAA0010,32,66.233,13112,1320,13,2021-10-11 11:05:55.105787
207756,AAA0010,31,113.33,17307,7728,29,2021-10-11 11:05:55.105787
207756,AAA0010,39,163.242,19950,906,15,2021-10-11 11:05:55.105787
207756,AAA0010,52,389.4,23012,4642,11,2021-10-11 11:05:55.105787
207756,AAA0010,43,371.644,25983,5475,21,2021-10-11 11:05:55.105787
164573,AAA0008,34,209.309,33650,918,27,2021-10-11 11:05:55.105787
164573,AAA0008,20,438.774,82003,3350,115,2021-10-11 11:05:55.105787
207756,AAA0010,91,821.304,34578,2718,9,2021-10-11 11:05:55.105787
207756,AAA0010,34,1412.5790000000002,158864,21234,101,2021-10-11 11:05:55.105787
207756,AAA0010,162,721.071,59592,4134,13,2021-10-11 11:05:55.105787
72880,AAA0006,22,297.763,63734,35889,154,2021-10-11 11:05:55.105787
150653,AAA0007,22,332.141,38152,240,52,2021-10-11 11:05:55.105787
155905,AAA0009,52,73.869,26013,4479,16,2021-10-11 11:05:55.105787
150653,AAA0007,8,271.522,65481,411,318,2021-10-11 11:05:55.105787
150653,AAA0007,78,371.852,21834,120,6,2021-10-11 11:05:55.105787
150653,AAA0007,63,1373.581,67141,30,20,2021-10-11 11:05:55.105787
150653,AAA0007,32,279.308,19510,0,15,2021-10-11 11:05:55.105787
7672,AAA0005,2,214.622,238455,6238,6454,2021-10-11 11:05:55.105787
7672,AAA0005,3,175.571,210272,0,6285,2021-10-11 11:05:55.105787
7672,AAA0005,4,74.299,30006,3671,540,2021-10-11 11:05:55.105787
150653,AAA0007,17,270.801,46524,957,97,2021-10-11 11:05:55.105787
155905,AAA0009,58,114.06400000000001,35554,4659,21,2021-10-11 11:05:55.105787
164573,AAA0008,6,115.544,31231,2413,243,2021-10-11 11:05:55.105787
164573,AAA0008,21,350.832,65511,926,97,2021-10-11 11:05:55.105787
164573,AAA0008,55,177.67000000000002,27548,931,13,2021-10-11 11:05:55.105787
164573,AAA0008,7,159.642,39497,2325,258,2021-10-11 11:05:55.105787
7672,AAA0005,6,21.983999999999998,6230,2754,63,2021-10-11 11:05:55.105787
7672,AAA0005,7,10.875,3941,3656,30,2021-10-11 11:05:55.105787
7672,AAA0005,9,6.074,1587,391,7,2021-10-11 11:05:55.105787
7672,AAA0005,13,7.669,2198,239,4,2021-10-11 11:05:55.105787
7672,AAA0005,8,9.059,2293,1923,14,2021-10-11 11:05:55.105787
7672,AAA0005,5,49.206,16712,4882,193,2021-10-11 11:05:55.105787
155905,AAA0009,21,175.592,53090,9401,88,2021-10-11 11:05:55.105787
150653,AAA0007,18,256.776,50074,991,96,2021-10-11 11:05:55.105787
164573,AAA0008,9,252.339,54856,2291,250,2021-10-11 11:05:55.105787
164573,AAA0008,43,240.906,43805,972,27,2021-10-11 11:05:55.105787
150653,AAA0007,20,225.027,38849,591,68,2021-10-11 11:05:55.105787
7672,AAA0005,12,1.145,494,3158,4,2021-10-11 11:05:55.105787
164573,AAA0008,29,310.562,57020,2144,52,2021-10-11 11:05:55.105787
164573,AAA0008,82,49.733000000000004,10337,239,3,2021-10-11 11:05:55.105787
164573,AAA0008,25,396.115,67430,1989,77,2021-10-11 11:05:55.105787
164573,AAA0008,11,259.268,51907,2704,172,2021-10-11 11:05:55.105787
7672,AAA0005,11,5.299,1506,1391,6,2021-10-11 11:05:55.105787
150653,AAA0007,42,791.348,39875,121,14,2021-10-11 11:05:55.105787
150653,AAA0007,27,183.902,21667,366,26,2021-10-11 11:05:55.105787
155905,AAA0009,26,184.877,53389,7042,71,2021-10-11 11:05:55.105787
150653,AAA0007,23,296.342,37127,360,52,2021-10-11 11:05:55.105787
150653,AAA0007,40,934.56,47564,0,19,2021-10-11 11:05:55.105787
72880,AAA0006,3,5.18,1762,147,12,2021-10-11 11:05:55.105787
7672,AAA0005,10,6.543,1539,2305,8,2021-10-11 11:05:55.105787
72880,AAA0006,19,85.754,16283,9147,41,2021-10-11 11:05:55.105787
150653,AAA0007,49,648.89,33689,0,11,2021-10-11 11:05:55.105787
155905,AAA0009,15,252.873,64178,14474,163,2021-10-11 11:05:55.105787
164573,AAA0008,3,16.457,6567,0,161,2021-10-11 11:05:55.105787
207756,AAA0010,76,78.792,3357,600,1,2021-10-11 11:05:55.105787
155905,AAA0009,18,246.77100000000002,61515,13387,122,2021-10-11 11:05:55.105787
164573,AAA0008,60,225.827,33295,805,14,2021-10-11 11:05:55.105787
207756,AAA0010,74,236.376,10071,909,3,2021-10-11 11:05:55.105787
155905,AAA0009,65,49.196,15298,1084,8,2021-10-11 11:05:55.105787
155905,AAA0009,24,179.95,47544,9813,67,2021-10-11 11:05:55.105787
164573,AAA0008,56,260.654,29718,120,13,2021-10-11 11:05:55.105787
150653,AAA0007,15,347.933,57654,1147,136,2021-10-11 11:05:55.105787
207756,AAA0010,94,3731.4539999999997,190570,1260,40,2021-10-11 11:05:55.105787
164573,AAA0008,46,140.211,24625,901,14,2021-10-11 11:05:55.105787
207756,AAA0010,35,1262.236,96364,15184,81,2021-10-11 11:05:55.105787
72880,AAA0006,29,1457.995,115394,41639,154,2021-10-11 11:05:55.105787
72880,AAA0006,5,23.133,25914,153152,575,2021-10-11 11:05:55.105787
207756,AAA0010,75,1351.15,101320,8372,40,2021-10-11 11:05:55.105787
164573,AAA0008,63,193.365,30948,544,12,2021-10-11 11:05:55.105787
164573,AAA0008,68,66.132,12612,119,5,2021-10-11 11:05:55.105787
164573,AAA0008,30,353.828,60761,1256,55,2021-10-11 11:05:55.105787
164573,AAA0008,57,153.578,28619,834,13,2021-10-11 11:05:55.105787
155905,AAA0009,44,104.654,32484,5695,24,2021-10-11 11:05:55.105787
155905,AAA0009,16,232.524,61952,12593,142,2021-10-11 11:05:55.105787
155905,AAA0009,54,41.737,11193,2120,7,2021-10-11 11:05:55.105787
150653,AAA0007,24,395.771,30630,338,35,2021-10-11 11:05:55.105787
155905,AAA0009,33,122.466,38723,6660,40,2021-10-11 11:05:55.105787
164573,AAA0008,17,410.43,79096,2700,138,2021-10-11 11:05:55.105787
164573,AAA0008,62,127.536,24012,364,10,2021-10-11 11:05:55.105787
155905,AAA0009,43,65.35,21393,3125,16,2021-10-11 11:05:55.105787
155905,AAA0009,48,56.227000000000004,18421,2129,13,2021-10-11 11:05:55.105787
150653,AAA0007,79,70.962,3670,0,1,2021-10-11 11:05:55.105787
155905,AAA0009,22,229.697,53227,11647,80,2021-10-11 11:05:55.105787
164573,AAA0008,48,273.611,39218,361,20,2021-10-11 11:05:55.105787
164573,AAA0008,104,103.4,17033,312,4,2021-10-11 11:05:55.105787
164573,AAA0008,16,408.149,78119,3193,144,2021-10-11 11:05:55.105787
155905,AAA0009,45,84.003,24328,4188,17,2021-10-11 11:05:55.105787
150653,AAA0007,59,1527.482,70618,0,23,2021-10-11 11:05:55.105787
164573,AAA0008,49,159.297,24588,423,13,2021-10-11 11:05:55.105787
155905,AAA0009,89,21.648,7970,1396,3,2021-10-11 11:05:55.105787
164573,AAA0008,23,469.924,80744,2408,98,2021-10-11 11:05:55.105787
164573,AAA0008,47,221.948,26076,424,13,2021-10-11 11:05:55.105787
164573,AAA0008,33,268.327,48887,2470,42,2021-10-11 11:05:55.105787
164573,AAA0008,32,340.949,64046,1393,54,2021-10-11 11:05:55.105787
150653,AAA0007,64,599.438,28840,0,9,2021-10-11 11:05:55.105787
164573,AAA0008,61,290.762,35225,1070,14,2021-10-11 11:05:55.105787
164573,AAA0008,26,389.703,70823,1029,77,2021-10-11 11:05:55.105787
164573,AAA0008,83,111.717,17875,288,6,2021-10-11 11:05:55.105787
150653,AAA0007,60,538.5889999999999,25785,0,8,2021-10-11 11:05:55.105787
164573,AAA0008,28,385.553,62326,1569,61,2021-10-11 11:05:55.105787
150653,AAA0007,35,491.028,30216,360,15,2021-10-11 11:05:55.105787
150653,AAA0007,34,167.9,10817,0,7,2021-10-11 11:05:55.105787
150653,AAA0007,33,363.329,23251,200,15,2021-10-11 11:05:55.105787
155905,AAA0009,116,9.618,3312,422,1,2021-10-11 11:05:55.105787
164573,AAA0008,24,415.045,74302,2209,90,2021-10-11 11:05:55.105787
155905,AAA0009,70,38.778,11042,1881,6,2021-10-11 11:05:55.105787
155905,AAA0009,36,108.822,28613,4852,27,2021-10-11 11:05:55.105787
155905,AAA0009,63,39.375,14209,2098,7,2021-10-11 11:05:55.105787
164573,AAA0008,93,198.30599999999998,27119,239,7,2021-10-11 11:05:55.105787
164573,AAA0008,66,162.881,30517,645,12,2021-10-11 11:05:55.105787
164573,AAA0008,40,263.146,42474,903,26,2021-10-11 11:05:55.105787
155905,AAA0009,73,42.329,14002,2708,6,2021-10-11 11:05:55.105787
164573,AAA0008,14,443.21999999999997,82322,1485,184,2021-10-11 11:05:55.105787
150653,AAA0007,45,612.539,37096,535,16,2021-10-11 11:05:55.105787
72880,AAA0006,14,85.611,17955,14523,60,2021-10-11 11:05:55.105787
150653,AAA0007,31,497.952,29345,240,19,2021-10-11 11:05:55.105787
155905,AAA0009,40,85.056,29947,5185,25,2021-10-11 11:05:55.105787
155905,AAA0009,72,14.34,5531,599,2,2021-10-11 11:05:55.105787
150653,AAA0007,48,935.868,51859,121,17,2021-10-11 11:05:55.105787
155905,AAA0009,46,91.204,24512,3906,18,2021-10-11 11:05:55.105787
164573,AAA0008,75,222.186,21833,544,7,2021-10-11 11:05:55.105787
72880,AAA0006,10,65.624,16171,15930,68,2021-10-11 11:05:55.105787
155905,AAA0009,104,11.72,3489,359,1,2021-10-11 11:05:55.105787
164573,AAA0008,53,322.952,37922,1009,17,2021-10-11 11:05:55.105787
150653,AAA0007,50,755.9680000000001,40337,0,12,2021-10-11 11:05:55.105787
164573,AAA0008,13,331.141,64050,3240,166,2021-10-11 11:05:55.105787
155905,AAA0009,49,54.957,19398,3035,14,2021-10-11 11:05:55.105787
155905,AAA0009,50,54.197,16027,2338,11,2021-10-11 11:05:55.105787
155905,AAA0009,25,209.219,52382,8900,72,2021-10-11 11:05:55.105787
155905,AAA0009,55,48.28,15130,1674,9,2021-10-11 11:05:55.105787
150653,AAA0007,29,81.213,10920,358,12,2021-10-11 11:05:55.105787
155905,AAA0009,38,110.93299999999999,32471,4426,29,2021-10-11 11:05:55.105787
150653,AAA0007,58,1207.687,56808,7,18,2021-10-11 11:05:55.105787
150653,AAA0007,56,989.411,46361,0,15,2021-10-11 11:05:55.105787
155905,AAA0009,47,80.312,22868,3559,17,2021-10-11 11:05:55.105787
155905,AAA0009,57,71.386,22402,2172,13,2021-10-11 11:05:55.105787
164573,AAA0008,52,270.632,40505,735,19,2021-10-11 11:05:55.105787
164573,AAA0008,77,166.947,31999,820,10,2021-10-11 11:05:55.105787
155905,AAA0009,53,47.521,14499,818,9,2021-10-11 11:05:55.105787
150653,AAA0007,39,617.722,35014,9,15,2021-10-11 11:05:55.105787
150653,AAA0007,36,559.372,27755,0,12,2021-10-11 11:05:55.105787
164573,AAA0008,10,288.119,58907,3404,197,2021-10-11 11:05:55.105787
164573,AAA0008,22,469.031,83500,2715,108,2021-10-11 11:05:55.105787
155905,AAA0009,60,40.456,12095,1645,7,2021-10-11 11:05:55.105787
72880,AAA0006,6,28.52,33214,216749,781,2021-10-11 11:05:55.105787
164573,AAA0008,18,445.266,79632,2619,127,2021-10-11 11:05:55.105787
150653,AAA0007,70,139.455,7033,0,2,2021-10-11 11:05:55.105787
164573,AAA0008,84,73.723,12591,8,4,2021-10-11 11:05:55.105787
164573,AAA0008,121,103.844,13944,361,3,2021-10-11 11:05:55.105787
164573,AAA0008,148,39.331,5891,0,1,2021-10-11 11:05:55.105787
72880,AAA0006,18,525.634,55126,46151,158,2021-10-11 11:05:55.105787
72880,AAA0006,16,69.729,15518,11262,48,2021-10-11 11:05:55.105787
164573,AAA0008,2,0.376,99,0,5,2021-10-11 11:05:55.105787
164573,AAA0008,50,123.78999999999999,22439,1179,12,2021-10-11 11:05:55.105787
155905,AAA0009,35,100.188,32745,6215,31,2021-10-11 11:05:55.105787
164573,AAA0008,37,293.003,49489,1547,32,2021-10-11 11:05:55.105787
164573,AAA0008,41,385.854,54906,1288,35,2021-10-11 11:05:55.105787
164573,AAA0008,80,89.291,13279,119,4,2021-10-11 11:05:55.105787
164573,AAA0008,64,186.41799999999998,28778,541,11,2021-10-11 11:05:55.105787
150653,AAA0007,38,648.393,35182,120,15,2021-10-11 11:05:55.105787
164573,AAA0008,71,118.689,20347,421,7,2021-10-11 11:05:55.105787
155905,AAA0009,85,16.232,5103,719,2,2021-10-11 11:05:55.105787
164573,AAA0008,39,292.984,51058,1166,33,2021-10-11 11:05:55.105787
207756,AAA0010,80,36.513,2760,0,1,2021-10-11 11:05:55.105787
150653,AAA0007,55,785.809,40378,0,13,2021-10-11 11:05:55.105787
150653,AAA0007,54,1139.353,59504,0,19,2021-10-11 11:05:55.105787
155905,AAA0009,76,14.82,4553,119,2,2021-10-11 11:05:55.105787
72880,AAA0006,11,68.447,16200,33707,119,2021-10-11 11:05:55.105787
72880,AAA0006,17,1039.39,149515,90788,400,2021-10-11 11:05:55.105787
155905,AAA0009,123,9.863,2879,358,1,2021-10-11 11:05:55.105787
150653,AAA0007,47,649.956,33980,0,12,2021-10-11 11:05:55.105787
150653,AAA0007,65,573.825,29021,0,9,2021-10-11 11:05:55.105787
155905,AAA0009,51,75.202,18584,2757,10,2021-10-11 11:05:55.105787
155905,AAA0009,115,25.954,7630,874,2,2021-10-11 11:05:55.105787
164573,AAA0008,159,40.629,6285,239,1,2021-10-11 11:05:55.105787
150653,AAA0007,71,278.731,12979,0,4,2021-10-11 11:05:55.105787
164573,AAA0008,31,289.207,51046,1885,43,2021-10-11 11:05:55.105787
164573,AAA0008,35,225.637,39500,823,30,2021-10-11 11:05:55.105787
164573,AAA0008,78,231.501,28786,393,8,2021-10-11 11:05:55.105787
150653,AAA0007,122,134.002,7152,0,1,2021-10-11 11:05:55.105787
155905,AAA0009,84,19.637999999999998,4953,240,2,2021-10-11 11:05:55.105787
155905,AAA0009,88,18.038,4844,1322,2,2021-10-11 11:05:55.105787
207756,AAA0010,114,863.029,42278,2472,9,2021-10-11 11:05:55.105787
164573,AAA0008,81,133.065,20912,125,6,2021-10-11 11:05:55.105787
150653,AAA0007,72,239.45299999999997,11495,0,3,2021-10-11 11:05:55.105787
150653,AAA0007,66,626.006,31151,0,9,2021-10-11 11:05:55.105787
207756,AAA0010,126,95.221,4670,0,1,2021-10-11 11:05:55.105787
155905,AAA0009,94,7.444,2653,424,1,2021-10-11 11:05:55.105787
164573,AAA0008,95,70.24,12302,0,3,2021-10-11 11:05:55.105787
164573,AAA0008,100,26.616,4277,120,1,2021-10-11 11:05:55.105787
164573,AAA0008,102,42.863,8035,120,2,2021-10-11 11:05:55.105787
72880,AAA0006,20,125.117,26367,40314,109,2021-10-11 11:05:55.105787
164573,AAA0008,42,136.919,25617,270,17,2021-10-11 11:05:55.105787
164573,AAA0008,97,155.928,24306,478,6,2021-10-11 11:05:55.105787
72880,AAA0006,31,2732.649,215267,82430,276,2021-10-11 11:05:55.105787
164573,AAA0008,76,44.797,8598,120,3,2021-10-11 11:05:55.105787
164573,AAA0008,54,254.238,34186,0,15,2021-10-11 11:05:55.105787
164573,AAA0008,58,447.414,45297,120,16,2021-10-11 11:05:55.105787
164573,AAA0008,51,166.233,28909,362,14,2021-10-11 11:05:55.105787
164573,AAA0008,89,185.249,21504,364,6,2021-10-11 11:05:55.105787
164573,AAA0008,116,104.141,19960,536,4,2021-10-11 11:05:55.105787
150653,AAA0007,44,566.337,30258,0,11,2021-10-11 11:05:55.105787
164573,AAA0008,166,40.015,6366,0,1,2021-10-11 11:05:55.105787
155905,AAA0009,139,45.531,6501,478,1,2021-10-11 11:05:55.105787
155905,AAA0009,79,27.674,8985,366,4,2021-10-11 11:05:55.105787
164573,AAA0008,147,84.378,11660,239,2,2021-10-11 11:05:55.105787
72880,AAA0006,25,207.56,41285,22770,77,2021-10-11 11:05:55.105787
72880,AAA0006,7,70.38,45279,59009,234,2021-10-11 11:05:55.105787
207756,AAA0010,191,1256.046,75780,1704,6,2021-10-11 11:05:55.105787
72880,AAA0006,8,80.081,29147,70985,243,2021-10-11 11:05:55.105787
150653,AAA0007,51,634.341,31201,0,13,2021-10-11 11:05:55.105787
155905,AAA0009,62,20.885,6915,717,4,2021-10-11 11:05:55.105787
164573,AAA0008,72,119.018,18505,359,6,2021-10-11 11:05:55.105787
164573,AAA0008,133,63.731,9903,120,2,2021-10-11 11:05:55.105787
164573,AAA0008,113,113.209,17942,120,4,2021-10-11 11:05:55.105787
164573,AAA0008,98,73.315,11128,480,3,2021-10-11 11:05:55.105787
164573,AAA0008,45,268.612,35548,761,19,2021-10-11 11:05:55.105787
150653,AAA0007,74,212.09799999999998,10923,0,3,2021-10-11 11:05:55.105787
72880,AAA0006,24,165.695,25141,17237,60,2021-10-11 11:05:55.105787
72880,AAA0006,13,221.56300000000002,70027,96037,276,2021-10-11 11:05:55.105787
72880,AAA0006,34,1039.239,92152,38511,101,2021-10-11 11:05:55.105787
155905,AAA0009,71,17.104,3758,358,2,2021-10-11 11:05:55.105787
72880,AAA0006,23,265.027,78025,37606,144,2021-10-11 11:05:55.105787
72880,AAA0006,32,841.445,75837,27795,92,2021-10-11 11:05:55.105787
164573,AAA0008,87,106.04599999999999,17750,239,5,2021-10-11 11:05:55.105787
164573,AAA0008,112,26.881,4944,0,1,2021-10-11 11:05:55.105787
164573,AAA0008,126,64.267,11384,120,2,2021-10-11 11:05:55.105787
72880,AAA0006,9,20.85,8193,8320,40,2021-10-11 11:05:55.105787
155905,AAA0009,39,91.813,30451,4195,26,2021-10-11 11:05:55.105787
72880,AAA0006,21,187.911,32350,33825,135,2021-10-11 11:05:55.105787
72880,AAA0006,27,1287.656,109008,40268,134,2021-10-11 11:05:55.105787
72880,AAA0006,42,274.909,76328,24005,79,2021-10-11 11:05:55.105787
150653,AAA0007,69,195.972,10091,0,3,2021-10-11 11:05:55.105787
150653,AAA0007,37,585.288,32472,120,16,2021-10-11 11:05:55.105787
164573,AAA0008,207,92.307,16170,120,2,2021-10-11 11:05:55.105787
72880,AAA0006,33,2294.614,183587,69529,231,2021-10-11 11:05:55.105787
155905,AAA0009,107,7.134,2584,423,1,2021-10-11 11:05:55.105787
155905,AAA0009,77,17.057000000000002,4737,782,2,2021-10-11 11:05:55.105787
164573,AAA0008,312,87.599,13084,348,1,2021-10-11 11:05:55.105787
155905,AAA0009,80,12.042,4657,1078,2,2021-10-11 11:05:55.105787
155905,AAA0009,59,57.853,15242,957,8,2021-10-11 11:05:55.105787
150653,AAA0007,116,81.046,4805,0,1,2021-10-11 11:05:55.105787
72880,AAA0006,38,1879.452,204605,78529,238,2021-10-11 11:05:55.105787
150653,AAA0007,94,73.507,4656,0,1,2021-10-11 11:05:55.105787
155905,AAA0009,167,13.796,6036,120,1,2021-10-11 11:05:55.105787
164573,AAA0008,79,95.756,15643,323,5,2021-10-11 11:05:55.105787
164573,AAA0008,99,106.77799999999999,14706,126,4,2021-10-11 11:05:55.105787
164573,AAA0008,65,144.918,18005,302,7,2021-10-11 11:05:55.105787
164573,AAA0008,85,192.22,23360,240,7,2021-10-11 11:05:55.105787
150653,AAA0007,53,215.953,10994,0,4,2021-10-11 11:05:55.105787
155905,AAA0009,56,148.904,25777,3053,15,2021-10-11 11:05:55.105787
72880,AAA0006,15,163.678,35828,29571,128,2021-10-11 11:05:55.105787
164573,AAA0008,67,128.125,16056,238,5,2021-10-11 11:05:55.105787
155905,AAA0009,126,10.338,3574,120,1,2021-10-11 11:05:55.105787
164573,AAA0008,125,28.279,5286,0,1,2021-10-11 11:05:55.105787
164573,AAA0008,152,33.474,6926,360,1,2021-10-11 11:05:55.105787
155905,AAA0009,91,8.679,2772,189,1,2021-10-11 11:05:55.105787
164573,AAA0008,86,33.391999999999996,6836,0,2,2021-10-11 11:05:55.105787
150653,AAA0007,99,203.077,10769,0,2,2021-10-11 11:05:55.105787
155905,AAA0009,92,18.923000000000002,4203,358,2,2021-10-11 11:05:55.105787
164573,AAA0008,123,55.724000000000004,8496,0,2,2021-10-11 11:05:55.105787
155905,AAA0009,69,57.566,15810,1961,7,2021-10-11 11:05:55.105787
150653,AAA0007,155,98.567,6763,0,1,2021-10-11 11:05:55.105787
155905,AAA0009,98,77.152,8582,360,2,2021-10-11 11:05:55.105787
72880,AAA0006,26,748.4300000000001,62279,25154,82,2021-10-11 11:05:55.105787
72880,AAA0006,28,221.269,40194,17156,55,2021-10-11 11:05:55.105787
72880,AAA0006,43,39.14,4108,1356,4,2021-10-11 11:05:55.105787
72880,AAA0006,35,171.615,22072,9824,32,2021-10-11 11:05:55.105787
164573,AAA0008,150,112.86699999999999,18293,479,3,2021-10-11 11:05:55.105787
164573,AAA0008,190,51.308,9637,240,1,2021-10-11 11:05:55.105787
72880,AAA0006,12,41.273,15323,13930,60,2021-10-11 11:05:55.105787
150653,AAA0007,30,133.265,13074,240,13,2021-10-11 11:05:55.105787
72880,AAA0006,48,147.977,18604,10279,21,2021-10-11 11:05:55.105787
72880,AAA0006,45,6.907,904,302,1,2021-10-11 11:05:55.105787
72880,AAA0006,40,906.39,87374,16496,84,2021-10-11 11:05:55.105787
155905,AAA0009,2,0.049999999999999996,15,0,4,2021-10-11 11:05:55.105787
164573,AAA0008,127,143.198,17332,122,3,2021-10-11 11:05:55.105787
164573,AAA0008,70,128.036,19000,119,7,2021-10-11 11:05:55.105787
150653,AAA0007,76,200.695,12666,309,4,2021-10-11 11:05:55.105787
164573,AAA0008,464,108.18,15849,374,1,2021-10-11 11:05:55.105787
150653,AAA0007,52,329.691,18092,0,6,2021-10-11 11:05:55.105787
155905,AAA0009,83,14.021,4278,719,2,2021-10-11 11:05:55.105787
164573,AAA0008,59,99.884,15992,119,7,2021-10-11 11:05:55.105787
150653,AAA0007,114,212.897,10979,119,2,2021-10-11 11:05:55.105787
155905,AAA0009,74,65.15899999999999,21489,2639,10,2021-10-11 11:05:55.105787
155905,AAA0009,66,16.3,4859,598,3,2021-10-11 11:05:55.105787
150653,AAA0007,67,284.828,15607,0,4,2021-10-11 11:05:55.105787
150653,AAA0007,62,680.805,31715,0,10,2021-10-11 11:05:55.105787
164573,AAA0008,94,80.973,15034,239,4,2021-10-11 11:05:55.105787
164573,AAA0008,92,100.066,14265,120,4,2021-10-11 11:05:55.105787
164573,AAA0008,161,42.003,6682,359,1,2021-10-11 11:05:55.105787
164573,AAA0008,160,40.619,6587,120,1,2021-10-11 11:05:55.105787
164573,AAA0008,107,66.084,12086,481,3,2021-10-11 11:05:55.105787
150653,AAA0007,118,65.184,4959,305,1,2021-10-11 11:05:55.105787
155905,AAA0009,114,19.639000000000003,7775,359,2,2021-10-11 11:05:55.105787
150653,AAA0007,81,357.96299999999997,18853,0,5,2021-10-11 11:05:55.105787
72880,AAA0006,55,39.183,5574,558,3,2021-10-11 11:05:55.105787
155905,AAA0009,82,15.975999999999999,6223,494,2,2021-10-11 11:05:55.105787
164573,AAA0008,142,94.25800000000001,11528,367,2,2021-10-11 11:05:55.105787
150653,AAA0007,106,261.59799999999996,12716,0,2,2021-10-11 11:05:55.105787
164573,AAA0008,69,86.489,14742,120,6,2021-10-11 11:05:55.105787
150653,AAA0007,126,132.89,6835,0,1,2021-10-11 11:05:55.105787
164573,AAA0008,74,85.673,6900,0,2,2021-10-11 11:05:55.105787
155905,AAA0009,61,11.714,4083,420,2,2021-10-11 11:05:55.105787
164573,AAA0008,120,112.958,11291,122,2,2021-10-11 11:05:55.105787
150653,AAA0007,145,135.873,7166,0,1,2021-10-11 11:05:55.105787
155905,AAA0009,64,33.005,7404,238,4,2021-10-11 11:05:55.105787
164573,AAA0008,164,43.851,5686,0,1,2021-10-11 11:05:55.105787
5603,AAA0003,99,264.581,17976,612,4,2021-10-11 11:05:55.105787
5596,AAA0004,121,126.472,6975,0,1,2021-10-11 11:05:55.105787
5603,AAA0003,105,74.866,5046,374,2,2021-10-11 11:05:55.105787
5603,AAA0003,169,125.826,10752,372,2,2021-10-11 11:05:55.105787
5596,AAA0004,156,238.39,12063,0,1,2021-10-11 11:05:55.105787
5603,AAA0003,412,158.954,10700,208,1,2021-10-11 11:05:55.105787
5596,AAA0004,60,187.30399999999997,10876,0,3,2021-10-11 11:05:55.105787
5603,AAA0003,81,89.32,8846,618,3,2021-10-11 11:05:55.105787
5596,AAA0004,109,208.692,11639,0,2,2021-10-11 11:05:55.105787
5603,AAA0003,121,120.144,9266,684,2,2021-10-11 11:05:55.105787
5603,AAA0003,103,35.085,2328,193,1,2021-10-11 11:05:55.105787
5596,AAA0004,124,349.645,18151,0,2,2021-10-11 11:05:55.105787
5603,AAA0003,148,152.304,10472,448,2,2021-10-11 11:05:55.105787
167,AAA0001,64,95.691,10364,0,3,2021-10-11 11:05:55.105787
5596,AAA0004,190,230.302,12451,0,1,2021-10-11 11:05:55.105787
5603,AAA0003,87,94.652,6691,280,2,2021-10-11 11:05:55.105787
5596,AAA0004,98,199.074,12100,0,2,2021-10-11 11:05:55.105787
5603,AAA0003,138,53.527,4692,342,1,2021-10-11 11:05:55.105787
167,AAA0001,60,62.78699999999999,4680,3,2,2021-10-11 11:05:55.105787
5603,AAA0003,209,75.187,6187,0,1,2021-10-11 11:05:55.105787
5603,AAA0003,53,106.614,7667,0,2,2021-10-11 11:05:55.105787
5603,AAA0003,82,22.803,2173,306,1,2021-10-11 11:05:55.105787
5603,AAA0003,80,74.132,5491,120,2,2021-10-11 11:05:55.105787
5596,AAA0004,99,118.897,6407,0,1,2021-10-11 11:05:55.105787
5596,AAA0004,111,359.474,22094,0,4,2021-10-11 11:05:55.105787
5603,AAA0003,177,83.155,5658,0,1,2021-10-11 11:05:55.105787
5603,AAA0003,112,97.869,6104,0,1,2021-10-11 11:05:55.105787
5603,AAA0003,111,50.122,4257,247,1,2021-10-11 11:05:55.105787
5596,AAA0004,167,238.486,12772,0,1,2021-10-11 11:05:55.105787
5596,AAA0004,134,152.333,9100,0,1,2021-10-11 11:05:55.105787
5603,AAA0003,126,145.97,9107,491,2,2021-10-11 11:05:55.105787
5596,AAA0004,147,345.101,18801,0,2,2021-10-11 11:05:55.105787
5603,AAA0003,95,114.17399999999999,8686,185,2,2021-10-11 11:05:55.105787
5603,AAA0003,185,66.276,5242,212,1,2021-10-11 11:05:55.105787
5596,AAA0004,128,309.275,17135,0,2,2021-10-11 11:05:55.105787
5596,AAA0004,95,292.004,16952,0,3,2021-10-11 11:05:55.105787
167,AAA0001,72,44.894,3586,0,1,2021-10-11 11:05:55.105787
5603,AAA0003,70,31.106,2145,0,1,2021-10-11 11:05:55.105787
5603,AAA0003,236,111.99,9399,313,1,2021-10-11 11:05:55.105787
5603,AAA0003,90,86.834,6367,300,2,2021-10-11 11:05:55.105787
150653,AAA0007,101,333.908,15875,0,3,2021-10-11 11:05:55.105787
164573,AAA0008,130,71.217,9929,120,2,2021-10-11 11:05:55.105787
5596,AAA0004,203,201.211,13025,120,1,2021-10-11 11:05:55.105787
5596,AAA0004,52,178.257,14608,0,4,2021-10-11 11:05:55.105787
5603,AAA0003,170,104.492,7606,378,2,2021-10-11 11:05:55.105787
5603,AAA0003,250,144.412,11964,480,2,2021-10-11 11:05:55.105787
5596,AAA0004,191,844.1800000000001,42134,0,3,2021-10-11 11:05:55.105787
5603,AAA0003,68,96.414,7040,458,3,2021-10-11 11:05:55.105787
5603,AAA0003,128,47.621,3504,331,1,2021-10-11 11:05:55.105787
5596,AAA0004,142,160.965,8978,0,1,2021-10-11 11:05:55.105787
5603,AAA0003,287,83.45,7938,364,1,2021-10-11 11:05:55.105787
5603,AAA0003,283,81.962,7776,244,1,2021-10-11 11:05:55.105787
175,AAA0002,84,40.216,5332,0,1,2021-10-11 11:05:55.105787
175,AAA0002,70,37.595,2972,0,1,2021-10-11 11:05:55.105787
5596,AAA0004,84,164.753,10553,0,2,2021-10-11 11:05:55.105787
5596,AAA0004,46,64.71,5262,0,2,2021-10-11 11:05:55.105787
5596,AAA0004,129,181.504,9201,0,1,2021-10-11 11:05:55.105787
5603,AAA0003,93,75.938,7736,452,2,2021-10-11 11:05:55.105787
5603,AAA0003,71,34.834,6530,240,2,2021-10-11 11:05:55.105787
5603,AAA0003,108,96.486,5894,333,1,2021-10-11 11:05:55.105787
5603,AAA0003,143,67.739,4989,0,1,2021-10-11 11:05:55.105787
5603,AAA0003,92,80.835,4955,120,1,2021-10-11 11:05:55.105787
175,AAA0002,67,58.038,4218,0,1,2021-10-11 11:05:55.105787
5603,AAA0003,107,102.502,7992,238,2,2021-10-11 11:05:55.105787
5596,AAA0004,119,140.291,7759,0,1,2021-10-11 11:05:55.105787
175,AAA0002,65,24.265,3472,120,1,2021-10-11 11:05:55.105787
5603,AAA0003,113,91.356,6698,454,2,2021-10-11 11:05:55.105787
5603,AAA0003,98,51.436,3966,531,1,2021-10-11 11:05:55.105787
175,AAA0002,80,50.013,5180,0,1,2021-10-11 11:05:55.105787
167,AAA0001,75,22.466,4170,0,1,2021-10-11 11:05:55.105787
167,AAA0001,56,21.286,2970,0,1,2021-10-11 11:05:55.105787
5603,AAA0003,135,49.756,3370,211,1,2021-10-11 11:05:55.105787
167,AAA0001,69,45.356,3253,0,1,2021-10-11 11:05:55.105787
164573,AAA0008,73,101.245,10446,1,3,2021-10-11 11:05:55.105787
5603,AAA0003,181,69.962,6556,0,1,2021-10-11 11:05:55.105787
164573,AAA0008,90,66.72800000000001,6365,301,2,2021-10-11 11:05:55.105787
164573,AAA0008,141,40.161,6290,120,1,2021-10-11 11:05:55.105787
150653,AAA0007,91,129.44,6243,0,1,2021-10-11 11:05:55.105787
5603,AAA0003,104,83.586,5715,307,1,2021-10-11 11:05:55.105787
7672,AAA0005,16,2.367,500,240,1,2021-10-11 11:05:55.105787
150653,AAA0007,148,146.534,7922,223,1,2021-10-11 11:05:55.105787
7672,AAA0005,43,7.599,1389,0,1,2021-10-11 11:05:55.105787
155905,AAA0009,81,21.429000000000002,6746,661,3,2021-10-11 11:05:55.105787
164573,AAA0008,115,34.433,4457,120,1,2021-10-11 11:05:55.105787
72880,AAA0006,46,8.904,2698,624,2,2021-10-11 11:05:55.105787
164573,AAA0008,111,24.923,4816,120,1,2021-10-11 11:05:55.105787
150653,AAA0007,240,169.071,8800,0,1,2021-10-11 11:05:55.105787
150653,AAA0007,170,74.953,4823,0,1,2021-10-11 11:05:55.105787
155905,AAA0009,103,9.619,3066,360,1,2021-10-11 11:05:55.105787
164573,AAA0008,210,52.557,8540,241,1,2021-10-11 11:05:55.105787
164573,AAA0008,103,19.173,3663,301,1,2021-10-11 11:05:55.105787
207756,AAA0010,9,32.797,12506,18724,85,2021-10-11 11:05:55.105787
207756,AAA0010,106,2777.856,144192,0,32,2021-10-11 11:05:55.105787
207756,AAA0010,40,550.966,45154,7798,33,2021-10-11 11:05:55.105787
207756,AAA0010,44,969.3,56375,7475,25,2021-10-11 11:05:55.105787
207756,AAA0010,53,2664.618,117051,10098,33,2021-10-11 11:05:55.105787
150653,AAA0007,73,208.649,10494,0,3,2021-10-11 11:05:55.105787
150653,AAA0007,75,126.186,7228,0,2,2021-10-11 11:05:55.105787
207756,AAA0010,23,293.946,52936,12070,79,2021-10-11 11:05:55.105787
207756,AAA0010,93,3244.782,168642,1128,34,2021-10-11 11:05:55.105787
207756,AAA0010,51,547.85,85450,15300,50,2021-10-11 11:05:55.105787
207756,AAA0010,97,2275.656,102888,7560,24,2021-10-11 11:05:55.105787
207756,AAA0010,133,2003.2949999999998,77028,6300,21,2021-10-11 11:05:55.105787
207756,AAA0010,87,1484.768,69529,3272,17,2021-10-11 11:05:55.105787
207756,AAA0010,68,879.822,41600,3624,13,2021-10-11 11:05:55.105787
207756,AAA0010,47,189.735,46242,0,21,2021-10-11 11:05:55.105787
207756,AAA0010,120,2000.901,89523,126,21,2021-10-11 11:05:55.105787
207756,AAA0010,38,158.475,8355,1170,5,2021-10-11 11:05:55.105787
207756,AAA0010,124,2134.3630000000003,114734,6482,19,2021-10-11 11:05:55.105787
207756,AAA0010,105,874.9739999999999,43624,2614,10,2021-10-11 11:05:55.105787
207756,AAA0010,109,1462.3,77812,1680,14,2021-10-11 11:05:55.105787
155905,AAA0009,67,11.838999999999999,3848,918,2,2021-10-11 11:05:55.105787
150653,AAA0007,82,70.718,3456,0,1,2021-10-11 11:05:55.105787
164573,AAA0008,176,38.197,6170,0,1,2021-10-11 11:05:55.105787
207756,AAA0010,69,305.656,11916,1200,4,2021-10-11 11:05:55.105787
207756,AAA0010,63,171.267,9039,732,3,2021-10-11 11:05:55.105787
207756,AAA0010,95,476.625,24615,0,5,2021-10-11 11:05:55.105787
164573,AAA0008,136,73.161,10572,119,2,2021-10-11 11:05:55.105787
72880,AAA0006,4,1.0050000000000001,1100,23170,81,2021-10-11 11:05:55.105787
207756,AAA0010,4,0.004,0,600,2,2021-10-11 11:05:55.105787
164573,AAA0008,108,94.833,12655,120,3,2021-10-11 11:05:55.105787
164573,AAA0008,109,111.978,11070,0,2,2021-10-11 11:05:55.105787
164573,AAA0008,110,133.424,14709,128,3,2021-10-11 11:05:55.105787
150653,AAA0007,88,72.697,4187,0,1,2021-10-11 11:05:55.105787
164573,AAA0008,114,54.370999999999995,9957,246,2,2021-10-11 11:05:55.105787
150653,AAA0007,119,132.062,6668,120,1,2021-10-11 11:05:55.105787
155905,AAA0009,122,27.951,7952,1445,2,2021-10-11 11:05:55.105787
150653,AAA0007,68,207.077,9925,0,3,2021-10-11 11:05:55.105787
164573,AAA0008,91,29.126,3991,0,1,2021-10-11 11:05:55.105787
164573,AAA0008,122,58.244,9786,359,2,2021-10-11 11:05:55.105787
164573,AAA0008,96,47.618,7762,126,2,2021-10-11 11:05:55.105787
155905,AAA0009,86,22.490000000000002,8222,1462,3,2021-10-11 11:05:55.105787
72880,AAA0006,37,20.630000000000003,4785,1685,5,2021-10-11 11:05:55.105787
164573,AAA0008,124,129.00799999999998,10165,134,2,2021-10-11 11:05:55.105787
164573,AAA0008,88,67.394,10373,135,3,2021-10-11 11:05:55.105787
72880,AAA0006,39,245.08999999999997,54308,33652,80,2021-10-11 11:05:55.105787
155905,AAA0009,144,12.214,3737,240,1,2021-10-11 11:05:55.105787
72880,AAA0006,50,84.015,22061,8782,16,2021-10-11 11:05:55.105787
150653,AAA0007,161,142.868,7385,0,1,2021-10-11 11:05:55.105787
72880,AAA0006,30,361.63300000000004,39051,14746,47,2021-10-11 11:05:55.105787
150653,AAA0007,174,79.134,4646,125,1,2021-10-11 11:05:55.105787
155905,AAA0009,120,10.247,2861,0,1,2021-10-11 11:05:55.105787
155905,AAA0009,110,30.137999999999998,11775,360,3,2021-10-11 11:05:55.105787
164573,AAA0008,149,46.444,5747,4,1,2021-10-11 11:05:55.105787
207756,AAA0010,110,848.078,50792,1498,7,2021-10-11 11:05:55.105787
207756,AAA0010,6,0.156,384,1452,6,2021-10-11 11:05:55.105787
164573,AAA0008,101,185.534,19006,0,3,2021-10-11 11:05:55.105787
155905,AAA0009,99,7.26,3158,360,1,2021-10-11 11:05:55.105787
72880,AAA0006,51,193.16,17570,3190,10,2021-10-11 11:05:55.105787
150653,AAA0007,2,0.16599999999999998,46,0,3,2021-10-11 11:05:55.105787
164573,AAA0008,118,22.105,3723,0,1,2021-10-11 11:05:55.105787
155905,AAA0009,95,7.932,2494,359,1,2021-10-11 11:05:55.105787
155905,AAA0009,106,8.39,4154,119,1,2021-10-11 11:05:55.105787
164573,AAA0008,224,63.874,8605,119,1,2021-10-11 11:05:55.105787
164573,AAA0008,144,37.663,6707,0,1,2021-10-11 11:05:55.105787
155905,AAA0009,87,15.562999999999999,4883,619,2,2021-10-11 11:05:55.105787
150653,AAA0007,85,35.828,3644,0,1,2021-10-11 11:05:55.105787
164573,AAA0008,151,79.184,11525,300,2,2021-10-11 11:05:55.105787
72880,AAA0006,47,29.888,10112,2416,8,2021-10-11 11:05:55.105787
72880,AAA0006,44,6.99,1810,602,2,2021-10-11 11:05:55.105787
164573,AAA0008,135,34.611,5491,0,1,2021-10-11 11:05:55.105787
164573,AAA0008,199,56.47,7876,243,1,2021-10-11 11:05:55.105787
164573,AAA0008,162,41.181,5031,304,1,2021-10-11 11:05:55.105787
150653,AAA0007,80,70.727,3519,0,1,2021-10-11 11:05:55.105787
155905,AAA0009,75,20.456,6749,1382,3,2021-10-11 11:05:55.105787
164573,AAA0008,137,60.11,10678,240,2,2021-10-11 11:05:55.105787
150653,AAA0007,77,70.903,3817,0,1,2021-10-11 11:05:55.105787
72880,AAA0006,41,69.342,7530,1176,6,2021-10-11 11:05:55.105787
164573,AAA0008,134,35.967,5736,240,1,2021-10-11 11:05:55.105787
207756,AAA0010,62,202.71,14060,1610,5,2021-10-11 11:05:55.105787
164573,AAA0008,117,26.677,4455,120,1,2021-10-11 11:05:55.105787
72880,AAA0006,54,8.828,2542,852,2,2021-10-11 11:05:55.105787
150653,AAA0007,87,113.78399999999999,5420,0,2,2021-10-11 11:05:55.105787
150653,AAA0007,127,134.271,7060,0,1,2021-10-11 11:05:55.105787
155905,AAA0009,97,15.735,6282,718,2,2021-10-11 11:05:55.105787
155905,AAA0009,172,16.593,5685,427,1,2021-10-11 11:05:55.105787
150653,AAA0007,86,73.349,3866,0,1,2021-10-11 11:05:55.105787
155905,AAA0009,96,8.896,4039,600,1,2021-10-11 11:05:55.105787
164573,AAA0008,146,35.664,4459,0,1,2021-10-11 11:05:55.105787
150653,AAA0007,123,214.668,11069,0,2,2021-10-11 11:05:55.105787
150653,AAA0007,104,129.792,5761,0,1,2021-10-11 11:05:55.105787
155905,AAA0009,112,11.91,3571,556,1,2021-10-11 11:05:55.105787
150653,AAA0007,162,96.088,5228,0,1,2021-10-11 11:05:55.105787
72880,AAA0006,36,30.32,4128,744,4,2021-10-11 11:05:55.105787
155905,AAA0009,102,7.369,2340,240,1,2021-10-11 11:05:55.105787
164573,AAA0008,139,32.965,6082,240,1,2021-10-11 11:05:55.105787
164573,AAA0008,157,122.055,8534,120,1,2021-10-11 11:05:55.105787
155905,AAA0009,119,10.985,3797,719,1,2021-10-11 11:05:55.105787
164573,AAA0008,128,36.761,4872,0,1,2021-10-11 11:05:55.105787
